AVG Peak,STD Peak,AVG Trough,STD Trough,FMA,Total Power
2.3728422928195405,0.5584053696413313,-2.248379765400344,0.6393885626360704,1.5446031936309756,2768718685.9999995
