BPM,AVG Interval (s),STD Interval (s),Amplitude,Time V2P (s)
10.0,0.648272328906589,0.06324679250755458,705.3,0.5061122841305203
