AMI,FNN,Lyapunov,ARE,DFA
0.5665130911445662,0.0,0.07241911389474863,134.31869456178222,0.5509719174989302
