Kurtosis D1,Kurtosis D2,Kurtosis D3,Kurtosis A4
1.2251616030975603,1.241509888753936,-0.04299817527478078,-1.0397415255163875
